trial_number,constraints
0,-6.906430397186253
1,-6.850843197902799
2,-6.887786259146138
3,-6.8247829518891505
4,-6.86927003474089
5,-6.690434852224516
6,-6.496916573363145
7,
